EmployeeNumber,Predicted_Attrition_LR,Attrition_Probability_LR,Predicted_Attrition_RF,Attrition_Probability_RF,Predicted_Attrition_LR_label,Predicted_Attrition_RF_label
1,1,0.89790576,1,0.73,Yes,Yes
2,0,0.1002197,0,0.015,No,No
4,1,0.88952204,1,0.81,Yes,Yes
5,0,0.47635469,0,0.125,No,No
7,1,0.74008864,0,0.105,Yes,No
8,0,0.2417434,0,0.035,No,No
10,1,0.60185963,0,0.09,Yes,No
11,0,0.28405383,0,0.105,No,No
12,0,0.23264968,0,0.025,No,No
13,0,0.21012175,0,0.03,No,No
14,0,0.24940145,0,0.03,No,No
15,0,0.48783528,0,0.055,No,No
16,0,0.43051702,0,0.02,No,No
18,0,0.2162871,0,0.055,No,No
19,1,0.95097492,1,0.84,Yes,Yes
20,0,0.14910489,0,0.05,No,No
21,0,0.1907032,0,0.075,No,No
22,0,0.28475876,0,0.13,No,No
23,0,0.07240124,0,0.025,No,No
24,1,0.51052484,0,0.05,Yes,No
26,0,0.01662635,0,0.03,No,No
27,1,0.81716304,1,0.695,Yes,Yes
28,0,0.0388551,0,0.005,No,No
30,0,0.16021825,0,0.065,No,No
31,1,0.54184695,1,0.635,Yes,Yes
32,0,0.00515717,0,0.01,No,No
33,1,0.96853443,1,0.82,Yes,Yes
35,0,0.2642562,0,0.03,No,No
36,0,0.02863662,0,0.06,No,No
38,0,0.24802245,0,0.025,No,No
39,0,0.37256465,0,0.1,No,No
40,0,0.07046265,0,0.01,No,No
41,0,0.44028953,0,0.03,No,No
42,0,0.1802026,1,0.64,No,Yes
45,1,0.76810873,1,0.755,Yes,Yes
46,0,0.0096234,0,0.005,No,No
47,1,0.91260814,1,0.75,Yes,Yes
49,0,0.30880522,0,0.05,No,No
51,1,0.7918262,0,0.125,Yes,No
52,0,0.19586591,0,0.035,No,No
53,0,0.13829212,0,0.025,No,No
54,0,0.08630773,0,0.095,No,No
55,1,0.9513885,1,0.84,Yes,Yes
56,0,0.23276613,0,0.025,No,No
57,0,0.18896964,0,0.035,No,No
58,0,0.27145937,1,0.61,No,Yes
60,0,0.46562185,0,0.045,No,No
61,1,0.53572487,0,0.075,Yes,No
62,1,0.68885477,0,0.17,Yes,No
63,0,0.08697808,0,0.065,No,No
64,1,0.93231524,1,0.765,Yes,Yes
65,1,0.94190956,1,0.795,Yes,Yes
68,1,0.71093277,0,0.035,Yes,No
70,0,0.38868896,0,0.01,No,No
72,1,0.90631107,0,0.17,Yes,No
73,0,0.2261025,0,0.075,No,No
74,0,0.30404095,0,0.03,No,No
75,1,0.84211751,0,0.105,Yes,No
76,0,0.02275754,0,0.02,No,No
77,0,0.0393089,0,0.005,No,No
78,0,0.38627122,0,0.03,No,No
79,1,0.7099119,0,0.02,Yes,No
80,1,0.78283753,0,0.03,Yes,No
81,1,0.64709238,0,0.04,Yes,No
83,0,0.0862207,0,0.02,No,No
84,0,0.0399056,0,0.01,No,No
85,1,0.56705601,0,0.02,Yes,No
86,0,0.07009668,0,0.025,No,No
88,1,0.58986891,0,0.045,Yes,No
90,1,0.73659057,1,0.725,Yes,Yes
91,1,0.63396228,0,0.085,Yes,No
94,0,0.04323838,0,0,No,No
95,0,0.30564546,0,0.095,No,No
96,0,0.06244788,0,0.005,No,No
97,0,0.22534946,0,0.025,No,No
98,0,0.03606109,0,0.02,No,No
100,0,0.32216086,0,0.055,No,No
101,0,0.16530222,0,0.045,No,No
102,0,0.14524023,0,0.015,No,No
103,1,0.5403148,0,0.065,Yes,No
104,1,0.71735869,0,0.05,Yes,No
105,0,0.30107828,0,0.01,No,No
106,0,0.05269029,0,0.04,No,No
107,0,0.06386436,0,0.05,No,No
110,0,0.29175292,0,0.04,No,No
112,0,0.12101485,0,0.035,No,No
113,1,0.75070047,0,0.12,Yes,No
116,0,0.05271829,0,0.035,No,No
117,0,0.06080251,0,0.015,No,No
118,0,0.12329452,1,0.685,No,Yes
119,0,0.40354425,0,0.035,No,No
120,1,0.79688823,0,0.195,Yes,No
121,0,0.29675959,0,0.015,No,No
124,1,0.59852875,0,0.005,Yes,No
125,1,0.52106594,0,0.055,Yes,No
126,0,0.17454905,0,0.025,No,No
128,0,0.33072568,0,0.02,No,No
129,0,0.0670146,0,0.005,No,No
131,0,0.26626377,0,0.05,No,No
132,0,0.23236928,0,0.055,No,No
133,1,0.6976825,1,0.8,Yes,Yes
134,0,0.3206743,0,0.115,No,No
137,1,0.85249538,1,0.875,Yes,Yes
138,0,0.07460814,0,0.01,No,No
139,0,0.00933679,0,0.01,No,No
140,0,0.00863278,0,0.04,No,No
141,0,0.2468457,0,0.06,No,No
142,1,0.86587206,1,0.765,Yes,Yes
143,0,0.15697502,0,0.045,No,No
144,0,0.42157883,0,0.13,No,No
145,1,0.64546521,0,0.045,Yes,No
147,1,0.90127723,1,0.715,Yes,Yes
148,0,0.06395878,0,0.035,No,No
150,0,0.46402337,0,0.03,No,No
151,0,0.14630339,0,0.025,No,No
152,0,0.24561624,0,0.005,No,No
153,0,0.07093393,0,0,No,No
154,0,0.10765323,0,0.02,No,No
155,0,0.26951881,0,0.07,No,No
158,0,0.15534414,0,0.035,No,No
159,0,0.24302729,0,0.03,No,No
160,0,0.06569534,0,0.015,No,No
161,1,0.76296849,1,0.685,Yes,Yes
162,0,0.07396431,0,0.05,No,No
163,1,0.86109792,1,0.73,Yes,Yes
164,0,0.28404851,0,0.025,No,No
165,0,0.35208072,1,0.685,No,Yes
167,1,0.95856313,1,0.915,Yes,Yes
169,0,0.4793192,0,0.08,No,No
170,0,0.09775589,0,0.02,No,No
171,0,0.36344678,0,0.04,No,No
174,0,0.36394485,0,0.035,No,No
175,1,0.91520737,1,0.79,Yes,Yes
176,0,0.21276299,0,0.015,No,No
177,0,0.10838814,0,0.045,No,No
178,0,0.21444733,0,0.035,No,No
179,0,0.36119815,1,0.69,No,Yes
182,0,0.06552317,0,0,No,No
183,1,0.56582018,0,0.075,Yes,No
184,1,0.54273681,0,0.075,Yes,No
190,1,0.76196705,1,0.765,Yes,Yes
192,0,0.44469216,0,0.075,No,No
193,1,0.65431519,0,0.055,Yes,No
194,0,0.30813119,0,0.035,No,No
195,0,0.03088254,0,0.005,No,No
197,0,0.21720038,0,0.015,No,No
198,0,0.43896414,0,0.045,No,No
199,0,0.17454378,0,0.01,No,No
200,0,0.35686913,0,0.03,No,No
201,1,0.61063175,0,0.215,Yes,No
202,0,0.23211239,0,0.01,No,No
204,0,0.13843603,0,0.055,No,No
205,1,0.77515786,0,0.08,Yes,No
206,0,0.16541585,0,0.03,No,No
207,0,0.30558336,0,0.035,No,No
208,0,0.04146052,0,0.015,No,No
211,0,0.19660174,0,0.035,No,No
214,1,0.728862,0,0.09,Yes,No
215,0,0.16987711,0,0.02,No,No
216,1,0.52569065,0,0.06,Yes,No
217,0,0.10665339,0,0.05,No,No
218,0,0.11173164,0,0.025,No,No
221,0,0.30424149,0,0.04,No,No
223,0,0.14646321,0,0.02,No,No
224,0,0.24182263,0,0.11,No,No
226,0,0.05192502,0,0.015,No,No
227,0,0.11012813,0,0.035,No,No
228,0,0.17834354,0,0.08,No,No
230,0,0.17792166,0,0.035,No,No
231,0,0.27378612,0,0.05,No,No
233,1,0.83518913,0,0.105,Yes,No
235,1,0.95451375,1,0.845,Yes,Yes
238,1,0.79182576,0,0.07,Yes,No
239,0,0.06401041,0,0.035,No,No
240,0,0.3981527,0,0.05,No,No
241,0,0.18127445,0,0.065,No,No
242,0,0.15804979,0,0.04,No,No
243,1,0.71169665,1,0.775,Yes,Yes
244,0,0.2994649,0,0.045,No,No
245,0,0.29717863,0,0.105,No,No
246,1,0.60302401,0,0.095,Yes,No
247,0,0.21314309,0,0.035,No,No
248,1,0.90206298,1,0.81,Yes,Yes
249,0,0.24884834,0,0.025,No,No
250,0,0.03106188,0,0.02,No,No
252,0,0.02566175,0,0,No,No
253,0,0.05146434,0,0.01,No,No
254,0,0.00948531,0,0.04,No,No
256,0,0.0553474,0,0.005,No,No
258,0,0.01775157,0,0.005,No,No
259,0,0.0445098,0,0.08,No,No
260,0,0.13176762,0,0.035,No,No
261,1,0.88107892,1,0.735,Yes,Yes
262,0,0.0047108,0,0.005,No,No
264,0,0.20562186,0,0.045,No,No
267,1,0.59667443,0,0.095,Yes,No
269,1,0.71357483,0,0.03,Yes,No
270,0,0.01338545,0,0,No,No
271,0,0.16149175,0,0.03,No,No
273,0,0.21982802,0,0.01,No,No
274,1,0.8660764,0,0.085,Yes,No
275,0,0.03970802,0,0.04,No,No
277,0,0.28370759,0,0.11,No,No
281,1,0.7269987,0,0.09,Yes,No
282,1,0.85827999,1,0.71,Yes,Yes
283,0,0.12570613,1,0.66,No,Yes
284,0,0.44616146,0,0.17,No,No
286,1,0.71677921,0,0.045,Yes,No
287,0,0.05601224,0,0.02,No,No
288,0,0.03205412,0,0.02,No,No
291,0,0.35691285,1,0.63,No,Yes
292,0,0.06954522,0,0.045,No,No
293,0,0.1411596,0,0.02,No,No
296,0,0.03859628,0,0.02,No,No
297,1,0.80249965,1,0.78,Yes,Yes
298,0,0.16735883,0,0.07,No,No
299,1,0.90784026,1,0.655,Yes,Yes
300,0,0.4339007,1,0.635,No,Yes
302,0,0.33117324,0,0.025,No,No
303,0,0.05014524,0,0.015,No,No
304,0,0.20285619,0,0.015,No,No
305,0,0.24460066,0,0.04,No,No
306,0,0.08165312,0,0.015,No,No
307,0,0.02680946,0,0.015,No,No
308,0,0.0531392,0,0.02,No,No
309,0,0.07272494,0,0.055,No,No
311,0,0.42239033,0,0.035,No,No
312,0,0.14410701,0,0.035,No,No
314,0,0.19024536,0,0.03,No,No
315,1,0.81772026,1,0.79,Yes,Yes
316,1,0.54148803,0,0.055,Yes,No
319,0,0.02286478,0,0.045,No,No
321,0,0.3761788,0,0.06,No,No
323,0,0.00379165,0,0.02,No,No
325,1,0.77565702,1,0.775,Yes,Yes
327,0,0.05409915,0,0.025,No,No
328,0,0.3805224,1,0.7,No,Yes
329,1,0.76178279,0,0.1,Yes,No
330,0,0.31479053,0,0.035,No,No
331,1,0.82490752,1,0.74,Yes,Yes
332,0,0.16936267,0,0.035,No,No
333,0,0.2119207,0,0.045,No,No
334,0,0.20719542,0,0.04,No,No
335,0,0.22079434,0,0.005,No,No
336,0,0.04732171,0,0.015,No,No
337,0,0.19839357,0,0.045,No,No
338,0,0.09968709,0,0.03,No,No
339,0,0.17765785,0,0.01,No,No
340,0,0.20631215,0,0.005,No,No
341,0,0.20047891,0,0.02,No,No
342,0,0.26537139,1,0.67,No,Yes
343,0,0.48615051,0,0.03,No,No
346,0,0.21294209,0,0.035,No,No
347,1,0.55734687,0,0.04,Yes,No
349,0,0.07258837,0,0.025,No,No
350,0,0.10699014,0,0.03,No,No
351,0,0.44884592,0,0.085,No,No
352,0,0.00733635,0,0.005,No,No
353,0,0.2099149,0,0.075,No,No
355,1,0.82829441,1,0.755,Yes,Yes
359,1,0.61065086,0,0.065,Yes,No
361,0,0.05023915,0,0.025,No,No
362,1,0.75016461,0,0.085,Yes,No
363,1,0.63178828,0,0.04,Yes,No
364,1,0.67111313,1,0.795,Yes,Yes
366,0,0.46151179,0,0.085,No,No
367,0,0.36263231,0,0.025,No,No
369,0,0.01843222,0,0.01,No,No
372,0,0.2343924,0,0.01,No,No
373,0,0.04581614,0,0.025,No,No
374,0,0.33269754,0,0.04,No,No
376,0,0.49461648,1,0.67,No,Yes
377,0,0.04656939,0,0.03,No,No
378,0,0.08655829,0,0.01,No,No
379,0,0.25879585,0,0.065,No,No
380,0,0.02611406,0,0.02,No,No
381,0,0.12911134,0,0.025,No,No
382,1,0.664468,0,0.02,Yes,No
384,0,0.09486616,0,0.03,No,No
385,0,0.01941086,0,0.01,No,No
386,0,0.02498795,0,0.035,No,No
387,0,0.17201298,0,0.045,No,No
388,0,0.2426742,0,0.035,No,No
389,0,0.45239991,0,0.025,No,No
390,1,0.86706458,0,0.065,Yes,No
391,0,0.05081781,0,0.01,No,No
392,1,0.7574577,1,0.74,Yes,Yes
393,0,0.09201069,0,0,No,No
394,1,0.82521968,1,0.835,Yes,Yes
395,0,0.05125701,0,0.015,No,No
396,1,0.51736352,0,0.055,Yes,No
397,1,0.79718696,0,0.035,Yes,No
399,0,0.41961012,0,0.135,No,No
401,1,0.89968359,1,0.805,Yes,Yes
403,1,0.66369788,0,0.14,Yes,No
404,1,0.62999754,0,0.04,Yes,No
405,1,0.58397783,1,0.755,Yes,Yes
406,0,0.20840038,0,0.045,No,No
407,0,0.30091987,0,0.06,No,No
408,0,0.10156238,0,0.02,No,No
410,0,0.08826056,0,0.01,No,No
411,1,0.81091399,0,0.23,Yes,No
412,0,0.15277086,0,0.055,No,No
416,0,0.46891356,0,0.02,No,No
417,0,0.00513325,0,0.015,No,No
419,0,0.11518027,0,0.025,No,No
420,0,0.13971877,0,0.025,No,No
421,0,0.10719542,0,0,No,No
422,0,0.05342921,0,0.03,No,No
423,0,0.40412246,0,0.045,No,No
424,1,0.83693468,0,0.05,Yes,No
425,1,0.76031725,0,0.02,Yes,No
426,0,0.30241221,0,0.135,No,No
428,0,0.20373358,0,0.03,No,No
429,1,0.55340192,0,0.04,Yes,No
430,0,0.11338435,0,0.035,No,No
431,0,0.47410769,0,0.065,No,No
433,0,0.46438897,1,0.54,No,Yes
434,1,0.78390225,0,0.23,Yes,No
436,1,0.84462912,0,0.06,Yes,No
437,1,0.63152037,0,0.145,Yes,No
438,0,0.01737693,0,0.01,No,No
439,0,0.17430289,0,0.02,No,No
440,1,0.84694018,1,0.79,Yes,Yes
441,0,0.01669551,0,0.015,No,No
442,0,0.17379414,0,0.035,No,No
444,1,0.5806263,0,0.01,Yes,No
445,0,0.49215253,1,0.655,No,Yes
446,1,0.63976106,0,0.05,Yes,No
447,0,0.02131037,0,0.03,No,No
448,0,0.23041886,0,0.03,No,No
449,0,0.3783722,0,0.045,No,No
450,0,0.10619763,0,0.02,No,No
451,0,0.36685377,0,0.035,No,No
452,0,0.17644281,0,0.035,No,No
453,1,0.59890346,0,0.07,Yes,No
454,1,0.83787614,1,0.81,Yes,Yes
455,1,0.60711405,0,0.055,Yes,No
456,0,0.06376659,0,0.02,No,No
458,0,0.13848632,0,0.01,No,No
460,0,0.05507177,0,0.01,No,No
461,0,0.02997998,0,0.005,No,No
462,0,0.29635202,0,0.04,No,No
463,0,0.3475998,0,0.065,No,No
464,0,0.0893236,0,0.035,No,No
465,0,0.14708505,0,0.02,No,No
466,1,0.74294173,0,0.08,Yes,No
467,1,0.84607831,0,0.11,Yes,No
468,0,0.12872781,0,0.015,No,No
469,0,0.07080466,0,0.005,No,No
470,1,0.53375588,0,0.12,Yes,No
471,0,0.15473627,0,0.02,No,No
473,0,0.28491,0,0.065,No,No
474,0,0.39866006,0,0.025,No,No
475,1,0.77945515,0,0.125,Yes,No
476,0,0.14658046,0,0.025,No,No
477,0,0.13548472,0,0.045,No,No
478,1,0.99460861,1,0.815,Yes,Yes
479,0,0.04740159,0,0.06,No,No
481,0,0.26290475,0,0.055,No,No
482,0,0.0237079,0,0.025,No,No
483,0,0.1441478,0,0.11,No,No
484,1,0.51724772,0,0.095,Yes,No
485,1,0.90637727,1,0.88,Yes,Yes
486,0,0.28932889,0,0.02,No,No
487,0,0.02935803,0,0.025,No,No
488,1,0.59059196,1,0.62,Yes,Yes
491,0,0.16515371,0,0.06,No,No
492,1,0.79228761,1,0.71,Yes,Yes
493,1,0.64176744,0,0.225,Yes,No
494,1,0.68537827,1,0.775,Yes,Yes
495,0,0.35353713,0,0.04,No,No
496,0,0.34620902,0,0.04,No,No
497,0,0.13979114,0,0.015,No,No
498,0,0.16570688,0,0.015,No,No
499,0,0.27727329,0,0.015,No,No
500,0,0.03437411,0,0.03,No,No
501,0,0.08139872,0,0,No,No
502,1,0.8778421,1,0.77,Yes,Yes
505,0,0.06353717,0,0.015,No,No
507,0,0.28920672,0,0.06,No,No
508,1,0.77372088,0,0.09,Yes,No
510,1,0.62813677,1,0.76,Yes,Yes
511,0,0.38045001,0,0.055,No,No
513,1,0.59390456,0,0.02,Yes,No
514,1,0.95240711,1,0.89,Yes,Yes
515,0,0.22245145,0,0.015,No,No
516,0,0.07470431,0,0.005,No,No
517,0,0.19340969,0,0.025,No,No
518,1,0.65851622,0,0.085,Yes,No
520,0,0.07438709,0,0.01,No,No
521,0,0.33923283,0,0.02,No,No
522,0,0.0644611,0,0.01,No,No
523,0,0.2150141,0,0.025,No,No
524,0,0.08012823,0,0.04,No,No
525,1,0.6586603,0,0.085,Yes,No
526,0,0.17255619,0,0.05,No,No
527,1,0.75830817,0,0.115,Yes,No
529,1,0.54552142,0,0.01,Yes,No
530,0,0.44786917,0,0.02,No,No
531,0,0.23209315,0,0.035,No,No
532,0,0.17686108,0,0.05,No,No
533,1,0.54522154,0,0.045,Yes,No
534,0,0.12136589,0,0.025,No,No
536,0,0.34168228,0,0.05,No,No
538,1,0.56039149,1,0.625,Yes,Yes
543,0,0.0828125,0,0.055,No,No
544,0,0.08920875,0,0.015,No,No
546,0,0.00533126,0,0.02,No,No
547,0,0.19004384,0,0.025,No,No
548,0,0.17355316,0,0.01,No,No
549,0,0.44314633,0,0.065,No,No
550,0,0.01170578,0,0.005,No,No
551,0,0.0668646,0,0.035,No,No
554,1,0.96486306,1,0.815,Yes,Yes
555,0,0.4891842,1,0.675,No,Yes
556,1,0.54417349,0,0.19,Yes,No
558,0,0.00368134,0,0.025,No,No
560,0,0.17692148,0,0.03,No,No
562,0,0.10622553,0,0.055,No,No
564,0,0.05597312,0,0.01,No,No
565,1,0.72902833,1,0.695,Yes,Yes
566,1,0.77565813,1,0.82,Yes,Yes
567,0,0.13536895,0,0.015,No,No
568,0,0.13326822,0,0.045,No,No
569,1,0.61571535,0,0.04,Yes,No
571,0,0.1214238,0,0.025,No,No
573,0,0.47252798,0,0.07,No,No
574,0,0.03432127,0,0.02,No,No
575,0,0.07180903,0,0.03,No,No
577,1,0.68212755,0,0.05,Yes,No
578,0,0.35819033,0,0.025,No,No
579,0,0.05761016,0,0.01,No,No
580,0,0.35787938,0,0.055,No,No
581,0,0.00676394,0,0,No,No
582,1,0.52658583,1,0.76,Yes,Yes
584,1,0.66680011,1,0.605,Yes,Yes
585,1,0.70515496,0,0.105,Yes,No
586,0,0.41299615,0,0.08,No,No
587,1,0.5665699,1,0.735,Yes,Yes
590,1,0.94868476,1,0.675,Yes,Yes
591,0,0.44012876,0,0.07,No,No
592,0,0.309699,0,0.075,No,No
593,1,0.91394892,1,0.74,Yes,Yes
595,0,0.16900363,0,0.04,No,No
597,0,0.07422332,0,0.025,No,No
599,0,0.06275201,0,0.015,No,No
600,0,0.47057709,0,0.075,No,No
601,0,0.23668752,0,0.02,No,No
602,0,0.24473891,0,0.035,No,No
604,1,0.55311445,0,0.11,Yes,No
605,0,0.3436733,0,0.05,No,No
606,0,0.039813,0,0.01,No,No
608,1,0.7664664,1,0.78,Yes,Yes
611,0,0.18645853,0,0.045,No,No
612,0,0.01570988,0,0.01,No,No
613,0,0.14499122,0,0.025,No,No
614,1,0.98427929,1,0.955,Yes,Yes
615,0,0.23213472,0,0.065,No,No
616,0,0.19201772,0,0.045,No,No
618,1,0.52199575,0,0.07,Yes,No
620,0,0.2339358,0,0.05,No,No
621,0,0.11829479,0,0.025,No,No
622,1,0.99136662,1,0.965,Yes,Yes
623,0,0.18752748,0,0.01,No,No
624,0,0.15619997,0,0.085,No,No
625,0,0.21557442,0,0.01,No,No
626,0,0.07159726,0,0.02,No,No
630,0,0.31308592,0,0.01,No,No
631,0,0.13698647,1,0.67,No,Yes
632,1,0.5444706,0,0.07,Yes,No
634,0,0.02195425,0,0.025,No,No
635,0,0.3697913,0,0.005,No,No
638,0,0.04239151,0,0.02,No,No
639,0,0.43721508,0,0.1,No,No
641,0,0.31802865,0,0.02,No,No
643,0,0.49256618,0,0.15,No,No
644,1,0.68777361,0,0.05,Yes,No
645,1,0.54273934,0,0.05,Yes,No
647,1,0.80315308,1,0.7,Yes,Yes
648,1,0.86885545,1,0.745,Yes,Yes
649,0,0.30254587,0,0.09,No,No
650,1,0.52950467,1,0.7,Yes,Yes
652,1,0.75323919,0,0.07,Yes,No
653,0,0.02663842,0,0.02,No,No
655,0,0.09108225,0,0.025,No,No
656,1,0.60829175,0,0.095,Yes,No
657,0,0.32945612,0,0.125,No,No
659,0,0.04061543,0,0.005,No,No
661,0,0.13104058,0,0.025,No,No
662,0,0.25827368,0,0.065,No,No
663,1,0.53210368,0,0.025,Yes,No
664,0,0.12717084,0,0.02,No,No
665,0,0.46576573,0,0.05,No,No
666,1,0.62090202,0,0.175,Yes,No
667,0,0.44404082,1,0.65,No,Yes
669,1,0.91673685,0,0.115,Yes,No
671,0,0.065323,0,0.045,No,No
675,0,0.2219501,0,0.035,No,No
677,0,0.16396842,0,0.05,No,No
679,0,0.3385212,0,0.06,No,No
680,0,0.13835388,0,0.095,No,No
682,0,0.2489743,0,0.07,No,No
683,0,0.07175815,0,0.01,No,No
684,1,0.58632777,1,0.695,Yes,Yes
686,0,0.49316785,0,0.165,No,No
689,0,0.09212269,0,0.015,No,No
690,0,0.29736308,0,0.01,No,No
691,1,0.53083571,0,0.035,Yes,No
692,0,0.04288951,0,0.015,No,No
698,0,0.32843242,0,0.035,No,No
699,0,0.47114578,0,0.055,No,No
700,1,0.5247244,0,0.08,Yes,No
701,1,0.63539232,1,0.79,Yes,Yes
702,1,0.96444143,1,0.78,Yes,Yes
704,0,0.13162444,0,0.06,No,No
705,0,0.28508737,0,0.065,No,No
707,0,0.07986918,0,0.015,No,No
709,0,0.13831067,0,0.035,No,No
710,0,0.0492026,0,0.015,No,No
712,0,0.17786683,0,0.03,No,No
714,0,0.13005436,0,0.015,No,No
715,0,0.14864675,0,0.03,No,No
716,0,0.42713248,0,0.075,No,No
717,0,0.13838722,0,0.02,No,No
720,1,0.84120791,1,0.73,Yes,Yes
721,0,0.47246492,0,0.03,No,No
722,0,0.1307476,0,0.015,No,No
723,1,0.80650464,1,0.71,Yes,Yes
724,0,0.01244029,0,0.01,No,No
725,0,0.04299414,0,0.02,No,No
727,0,0.01338852,0,0.015,No,No
728,0,0.15621626,0,0.025,No,No
729,0,0.43235083,0,0.045,No,No
730,0,0.00531249,0,0.01,No,No
731,0,0.43222154,0,0.015,No,No
732,1,0.87824919,0,0.075,Yes,No
733,0,0.05568423,0,0.03,No,No
734,0,0.04938585,0,0.015,No,No
738,1,0.55470136,0,0.045,Yes,No
741,1,0.83199184,1,0.835,Yes,Yes
742,0,0.05666676,0,0.035,No,No
743,0,0.36518655,0,0.055,No,No
744,1,0.56924221,0,0.08,Yes,No
746,1,0.81134834,0,0.05,Yes,No
747,0,0.38402379,0,0.03,No,No
749,1,0.57393469,0,0.2,Yes,No
752,1,0.65035162,1,0.715,Yes,Yes
754,0,0.18134006,0,0.03,No,No
757,0,0.27438717,0,0.015,No,No
758,0,0.42956352,0,0.04,No,No
760,0,0.49355643,0,0.045,No,No
762,0,0.0793121,0,0.02,No,No
763,0,0.43085284,0,0.065,No,No
764,0,0.40432967,0,0.055,No,No
766,0,0.33818766,0,0.095,No,No
769,0,0.0742363,0,0.03,No,No
771,0,0.01262505,0,0.015,No,No
772,0,0.40877133,0,0.025,No,No
773,1,0.77005795,0,0.135,Yes,No
775,0,0.16715899,0,0.005,No,No
776,0,0.1417424,0,0.03,No,No
780,0,0.41155035,1,0.71,No,Yes
781,0,0.24069563,0,0.04,No,No
783,1,0.91241826,0,0.03,Yes,No
784,0,0.24109617,0,0.06,No,No
785,1,0.84482639,1,0.75,Yes,Yes
786,0,0.06426442,0,0.035,No,No
787,0,0.13748492,1,0.615,No,Yes
789,0,0.32171176,0,0.09,No,No
791,0,0.01987001,0,0.005,No,No
792,1,0.69403594,0,0.065,Yes,No
793,0,0.34233571,0,0.05,No,No
796,1,0.91063138,1,0.72,Yes,Yes
797,0,0.07340958,0,0.02,No,No
799,0,0.47733976,0,0.055,No,No
800,0,0.35422958,0,0.03,No,No
802,0,0.40940071,0,0.075,No,No
803,1,0.79109653,0,0.075,Yes,No
804,0,0.28785277,0,0.03,No,No
805,0,0.49304538,0,0.02,No,No
806,0,0.23971282,0,0.01,No,No
807,0,0.02270138,0,0.04,No,No
808,0,0.38896372,0,0.04,No,No
809,0,0.3356765,0,0.03,No,No
811,1,0.74702663,1,0.85,Yes,Yes
812,0,0.1497617,0,0.045,No,No
813,0,0.22425137,0,0.025,No,No
815,0,0.00570833,0,0,No,No
816,1,0.89145856,1,0.77,Yes,Yes
817,0,0.01215279,0,0.01,No,No
819,1,0.81923342,1,0.77,Yes,Yes
820,0,0.18432541,0,0.01,No,No
823,0,0.05738252,0,0.005,No,No
824,0,0.02990648,0,0.015,No,No
825,0,0.48992881,1,0.63,No,Yes
826,0,0.11792031,0,0.025,No,No
827,0,0.25082122,0,0.025,No,No
828,0,0.36596816,1,0.71,No,Yes
829,1,0.56020584,0,0.045,Yes,No
830,0,0.04865484,0,0.005,No,No
832,1,0.85209781,0,0.115,Yes,No
833,1,0.59908102,0,0.065,Yes,No
834,0,0.27035515,0,0.055,No,No
836,0,0.28619135,0,0,No,No
837,0,0.37500496,0,0.05,No,No
838,0,0.33779006,0,0.08,No,No
840,0,0.07764641,1,0.69,No,Yes
842,0,0.37378636,1,0.7,No,Yes
843,0,0.09105611,0,0.015,No,No
844,0,0.08436119,0,0.015,No,No
845,0,0.08940313,0,0.005,No,No
846,1,0.83647354,0,0.095,Yes,No
847,0,0.23491724,0,0.03,No,No
848,0,0.49311865,1,0.74,No,Yes
850,0,0.01917274,0,0.07,No,No
851,0,0.07806812,0,0.03,No,No
852,0,0.38911418,0,0.02,No,No
854,1,0.73365331,0,0.125,Yes,No
855,0,0.05707106,0,0.02,No,No
856,1,0.65237004,0,0.065,Yes,No
857,0,0.18914733,0,0.03,No,No
859,0,0.16389654,0,0.015,No,No
861,0,0.40174955,0,0.04,No,No
862,0,0.28232244,0,0.075,No,No
864,0,0.45313075,0,0.065,No,No
865,0,0.09761929,0,0.005,No,No
867,0,0.06430197,0,0.01,No,No
868,0,0.17137652,0,0.045,No,No
869,0,0.06251929,0,0.02,No,No
872,0,0.29880907,0,0.04,No,No
874,1,0.51237114,0,0.065,Yes,No
875,1,0.83221031,0,0.095,Yes,No
878,0,0.43101666,0,0.12,No,No
879,1,0.63665503,0,0.075,Yes,No
880,0,0.07016211,0,0.01,No,No
881,1,0.73473366,1,0.755,Yes,Yes
882,0,0.03506624,0,0.035,No,No
885,1,0.67810203,0,0.09,Yes,No
887,0,0.2717509,0,0.015,No,No
888,0,0.26154993,0,0.02,No,No
889,0,0.38553961,0,0.005,No,No
893,1,0.56592948,0,0.06,Yes,No
894,0,0.33352977,0,0.025,No,No
895,0,0.2954955,0,0.15,No,No
896,1,0.72720388,1,0.72,Yes,Yes
897,0,0.18758632,0,0.025,No,No
899,0,0.45636714,0,0.025,No,No
900,1,0.56981199,0,0.055,Yes,No
901,0,0.01285866,0,0.015,No,No
902,0,0.09482308,0,0.005,No,No
903,0,0.35594711,0,0.025,No,No
904,1,0.74243224,0,0.16,Yes,No
905,0,0.25976434,0,0.025,No,No
909,0,0.09186495,0,0.03,No,No
910,0,0.38257604,0,0.14,No,No
911,1,0.95535001,1,0.8,Yes,Yes
912,0,0.18366564,0,0.06,No,No
913,1,0.86118671,0,0.16,Yes,No
916,0,0.46985008,0,0.04,No,No
918,1,0.79823791,1,0.83,Yes,Yes
920,0,0.17296323,0,0.07,No,No
922,1,0.60631966,1,0.685,Yes,Yes
923,0,0.32072645,1,0.725,No,Yes
924,0,0.19429236,0,0.02,No,No
925,1,0.77614324,0,0.125,Yes,No
926,0,0.3369169,1,0.63,No,Yes
927,1,0.74092213,1,0.685,Yes,Yes
930,0,0.12414804,0,0.035,No,No
932,1,0.89884397,1,0.725,Yes,Yes
933,0,0.26018344,0,0.13,No,No
934,0,0.41734289,0,0.115,No,No
936,0,0.3432503,0,0.04,No,No
939,1,0.90861808,0,0.195,Yes,No
940,0,0.18335323,0,0.02,No,No
941,1,0.65104553,0,0.06,Yes,No
942,0,0.09966498,0,0.04,No,No
944,0,0.46944471,0,0.03,No,No
945,0,0.16958609,0,0.06,No,No
947,0,0.06613926,0,0.055,No,No
949,0,0.14127192,0,0.04,No,No
950,0,0.02236554,0,0.005,No,No
951,0,0.26727045,0,0.055,No,No
952,1,0.94264792,1,0.835,Yes,Yes
954,1,0.60762562,0,0.055,Yes,No
956,1,0.60057188,0,0.04,Yes,No
957,0,0.2517153,0,0.08,No,No
958,0,0.10682073,0,0.03,No,No
959,1,0.97447199,1,0.935,Yes,Yes
960,1,0.944776,1,0.865,Yes,Yes
961,0,0.31443799,0,0.03,No,No
964,1,0.70348913,0,0.095,Yes,No
966,0,0.15998619,0,0.01,No,No
967,0,0.40824176,1,0.635,No,Yes
969,0,0.17025638,0,0.03,No,No
970,1,0.92100794,1,0.705,Yes,Yes
972,0,0.03580977,0,0.005,No,No
974,1,0.68998656,0,0.1,Yes,No
975,0,0.33089131,0,0.045,No,No
976,0,0.00750403,0,0,No,No
977,0,0.32017818,1,0.69,No,Yes
981,0,0.15684468,0,0.035,No,No
982,0,0.32829395,0,0.035,No,No
983,1,0.68436244,0,0.15,Yes,No
984,0,0.02591154,0,0.015,No,No
985,0,0.07135434,0,0.02,No,No
986,1,0.53900007,1,0.745,Yes,Yes
987,0,0.15337225,0,0.035,No,No
990,0,0.03917211,0,0.03,No,No
991,1,0.79915289,1,0.82,Yes,Yes
992,0,0.12856724,0,0.03,No,No
994,1,0.83242559,1,0.855,Yes,Yes
995,0,0.22462785,0,0.035,No,No
996,0,0.0295008,0,0.03,No,No
997,0,0.00476212,0,0.01,No,No
998,0,0.41384709,0,0.045,No,No
999,0,0.00642692,0,0.01,No,No
1001,1,0.87427595,0,0.055,Yes,No
1002,0,0.22949572,0,0.04,No,No
1003,0,0.40295661,0,0.075,No,No
1004,1,0.87637581,1,0.82,Yes,Yes
1005,0,0.09965096,0,0.02,No,No
1006,0,0.35841828,0,0.05,No,No
1007,0,0.01783141,0,0.02,No,No
1009,0,0.08039609,0,0.015,No,No
1010,1,0.76430037,1,0.76,Yes,Yes
1011,0,0.26757147,0,0.04,No,No
1012,0,0.13294061,0,0.09,No,No
1013,0,0.11520309,0,0.035,No,No
1014,1,0.6188648,0,0.035,Yes,No
1015,0,0.05836943,0,0.015,No,No
1016,1,0.91078084,1,0.875,Yes,Yes
1017,1,0.72063648,1,0.73,Yes,Yes
1018,0,0.03418248,0,0.005,No,No
1019,1,0.87006469,0,0.08,Yes,No
1022,0,0.28172698,0,0.03,No,No
1024,0,0.09206429,0,0.005,No,No
1025,0,0.14506414,0,0.02,No,No
1026,0,0.12211038,0,0.005,No,No
1027,0,0.1222995,0,0.015,No,No
1028,0,0.24559769,0,0.045,No,No
1029,0,0.06391833,0,0.01,No,No
1030,0,0.31653884,0,0.065,No,No
1032,0,0.26819273,0,0.02,No,No
1033,1,0.67641488,1,0.745,Yes,Yes
1034,0,0.34037038,0,0.055,No,No
1035,0,0.00328859,0,0.035,No,No
1036,1,0.82988832,0,0.095,Yes,No
1037,1,0.78730875,1,0.7,Yes,Yes
1038,0,0.11183184,1,0.715,No,Yes
1039,0,0.1670605,0,0.03,No,No
1040,0,0.0053845,0,0.035,No,No
1042,0,0.44554516,1,0.665,No,Yes
1043,1,0.84046578,0,0.045,Yes,No
1044,0,0.34318731,0,0.05,No,No
1045,0,0.01268624,0,0.005,No,No
1046,1,0.55022308,0,0.045,Yes,No
1047,0,0.05408485,0,0.045,No,No
1048,0,0.4660319,0,0.025,No,No
1049,1,0.59104354,0,0.06,Yes,No
1050,0,0.25937931,0,0.04,No,No
1052,1,0.69849934,1,0.71,Yes,Yes
1053,1,0.95072665,1,0.83,Yes,Yes
1055,1,0.65799823,0,0.18,Yes,No
1056,0,0.46339798,0,0.15,No,No
1060,0,0.28712163,0,0.02,No,No
1061,0,0.16144486,0,0.055,No,No
1062,0,0.19509094,0,0.035,No,No
1066,1,0.62739395,0,0.035,Yes,No
1068,0,0.16995172,0,0.025,No,No
1069,0,0.00747937,0,0.015,No,No
1070,0,0.46807353,0,0.035,No,No
1071,0,0.08376068,0,0.025,No,No
1073,0,0.24647208,0,0.025,No,No
1074,0,0.1065377,0,0.03,No,No
1076,0,0.13355268,0,0.035,No,No
1077,1,0.90796593,1,0.85,Yes,Yes
1079,1,0.82984242,1,0.75,Yes,Yes
1080,0,0.24059603,0,0.015,No,No
1081,1,0.6535725,1,0.715,Yes,Yes
1082,1,0.54139898,1,0.71,Yes,Yes
1083,1,0.67311826,0,0.04,Yes,No
1084,0,0.38329896,0,0.015,No,No
1085,0,0.05952112,0,0.01,No,No
1088,0,0.041783,0,0.025,No,No
1092,0,0.42007313,0,0.015,No,No
1094,0,0.20876627,0,0.04,No,No
1096,0,0.04508524,0,0.01,No,No
1097,0,0.06430537,0,0.02,No,No
1098,1,0.70250591,1,0.62,Yes,Yes
1099,0,0.04137747,0,0.005,No,No
1100,1,0.84987826,1,0.755,Yes,Yes
1101,1,0.60808419,1,0.65,Yes,Yes
1102,0,0.3007655,0,0.03,No,No
1103,0,0.30485539,0,0.03,No,No
1105,0,0.14331704,0,0.055,No,No
1106,1,0.57208328,1,0.71,Yes,Yes
1107,1,0.67827663,1,0.745,Yes,Yes
1108,1,0.98338509,1,0.8,Yes,Yes
1109,0,0.15188883,0,0.02,No,No
1111,1,0.78261813,1,0.72,Yes,Yes
1113,1,0.69000395,1,0.75,Yes,Yes
1114,0,0.15517335,0,0.01,No,No
1115,0,0.02961993,0,0.015,No,No
1116,0,0.01314336,0,0.02,No,No
1117,0,0.02435347,0,0.01,No,No
1118,0,0.23346497,0,0.025,No,No
1119,0,0.35710666,0,0.045,No,No
1120,0,0.06865675,0,0.01,No,No
1121,0,0.01426969,0,0.01,No,No
1124,0,0.0427258,0,0.05,No,No
1125,1,0.5437719,0,0.09,Yes,No
1126,1,0.53908018,0,0.045,Yes,No
1127,0,0.33430626,1,0.69,No,Yes
1128,0,0.14079619,0,0.025,No,No
1131,1,0.75168706,0,0.18,Yes,No
1132,0,0.49177963,0,0.005,No,No
1133,0,0.06275998,0,0.04,No,No
1135,0,0.49728642,0,0.075,No,No
1136,0,0.4940117,0,0.045,No,No
1137,0,0.13388515,0,0.02,No,No
1138,0,0.3066474,0,0.055,No,No
1140,0,0.25766288,0,0.02,No,No
1143,0,0.09461621,0,0.015,No,No
1148,1,0.83755354,0,0.065,Yes,No
1150,1,0.63616945,0,0.045,Yes,No
1152,0,0.23180579,0,0.01,No,No
1154,1,0.57816199,0,0.165,Yes,No
1156,0,0.4541494,1,0.69,No,Yes
1157,1,0.90831903,1,0.815,Yes,Yes
1158,1,0.75491294,0,0.145,Yes,No
1160,1,0.52181167,1,0.625,Yes,Yes
1161,0,0.12769878,0,0.01,No,No
1162,0,0.25647224,0,0.01,No,No
1163,0,0.25332403,0,0.025,No,No
1164,1,0.61121526,0,0.035,Yes,No
1165,0,0.36561638,1,0.69,No,Yes
1166,0,0.15122818,0,0.015,No,No
1167,1,0.96063711,1,0.77,Yes,Yes
1171,1,0.57492207,0,0.055,Yes,No
1172,0,0.42542239,0,0.06,No,No
1173,1,0.77657784,0,0.07,Yes,No
1175,1,0.61417083,1,0.785,Yes,Yes
1177,0,0.07859452,0,0.035,No,No
1179,0,0.41396675,0,0.01,No,No
1180,1,0.6957706,0,0.065,Yes,No
1182,0,0.07923777,0,0,No,No
1184,0,0.17233456,0,0.04,No,No
1185,0,0.3590754,0,0.04,No,No
1188,1,0.9230404,1,0.73,Yes,Yes
1190,0,0.12932369,0,0.075,No,No
1191,0,0.04168059,0,0.045,No,No
1192,0,0.05785401,0,0.01,No,No
1193,0,0.34456108,0,0.11,No,No
1195,1,0.55607737,0,0.09,Yes,No
1196,0,0.02786455,0,0,No,No
1198,1,0.874866,0,0.155,Yes,No
1200,1,0.50572784,1,0.695,Yes,Yes
1201,0,0.00146121,0,0,No,No
1202,1,0.70839889,0,0.17,Yes,No
1203,1,0.60682112,1,0.765,Yes,Yes
1204,1,0.55467904,0,0.055,Yes,No
1206,0,0.17497357,0,0.06,No,No
1207,0,0.25960454,0,0.015,No,No
1210,0,0.496881,1,0.67,No,Yes
1211,0,0.36989516,0,0.035,No,No
1212,1,0.51329668,0,0.09,Yes,No
1215,0,0.01533127,0,0.02,No,No
1216,1,0.51213796,0,0.04,Yes,No
1217,0,0.02959544,0,0.01,No,No
1218,0,0.31838145,0,0.07,No,No
1219,1,0.5473138,1,0.745,Yes,Yes
1220,1,0.63598539,0,0.02,Yes,No
1221,0,0.08325182,0,0.005,No,No
1224,0,0.16754058,0,0.01,No,No
1225,0,0.1346745,0,0.025,No,No
1226,1,0.65760797,0,0.075,Yes,No
1228,0,0.04963862,0,0.045,No,No
1231,0,0.06072954,0,0.02,No,No
1233,0,0.07773126,0,0.015,No,No
1234,1,0.64817382,0,0.075,Yes,No
1235,0,0.31691684,0,0.055,No,No
1237,1,0.62507935,0,0.025,Yes,No
1238,0,0.04917672,0,0.025,No,No
1239,1,0.71550945,0,0.055,Yes,No
1240,0,0.26803596,0,0.03,No,No
1241,0,0.30308804,0,0.095,No,No
1242,1,0.50010706,0,0.105,Yes,No
1243,0,0.27882301,0,0.065,No,No
1244,1,0.75186136,0,0.11,Yes,No
1245,0,0.03067834,0,0.02,No,No
1246,0,0.04304322,0,0.01,No,No
1248,1,0.7747506,1,0.89,Yes,Yes
1249,0,0.0435952,0,0.03,No,No
1250,0,0.00104727,0,0.005,No,No
1251,1,0.55130802,0,0.065,Yes,No
1252,0,0.18524165,0,0.08,No,No
1254,0,0.14820432,0,0.045,No,No
1255,0,0.00903634,0,0,No,No
1256,0,0.05771781,0,0.035,No,No
1257,0,0.26274958,0,0.015,No,No
1258,1,0.62383182,0,0.115,Yes,No
1259,0,0.11209926,0,0.03,No,No
1260,0,0.35168073,0,0.025,No,No
1263,0,0.02512718,0,0,No,No
1264,0,0.00540984,0,0,No,No
1265,0,0.17547763,0,0.085,No,No
1267,0,0.15486643,0,0.035,No,No
1268,0,0.05473316,0,0.025,No,No
1269,1,0.7034876,0,0.275,Yes,No
1270,0,0.06693341,0,0.035,No,No
1273,1,0.98557488,1,0.93,Yes,Yes
1275,1,0.66038274,0,0.12,Yes,No
1277,1,0.7762297,1,0.73,Yes,Yes
1278,1,0.68846159,0,0.045,Yes,No
1279,1,0.90679391,1,0.77,Yes,Yes
1280,0,0.02168642,0,0,No,No
1281,1,0.76098693,0,0.16,Yes,No
1282,1,0.60440117,0,0.04,Yes,No
1283,0,0.06926637,0,0.045,No,No
1285,0,0.21888264,0,0.005,No,No
1286,1,0.87299155,0,0.205,Yes,No
1288,0,0.04443873,0,0.005,No,No
1289,0,0.12546933,0,0.025,No,No
1291,0,0.3658656,0,0.08,No,No
1292,0,0.46277835,0,0.095,No,No
1293,0,0.21457139,0,0.03,No,No
1294,0,0.4387108,0,0.06,No,No
1295,0,0.04417291,1,0.63,No,Yes
1296,1,0.80152928,0,0.14,Yes,No
1297,1,0.7214525,0,0.065,Yes,No
1298,0,0.31108348,0,0.045,No,No
1299,1,0.82582152,1,0.675,Yes,Yes
1301,1,0.73145071,0,0.095,Yes,No
1303,0,0.19738058,0,0.075,No,No
1304,0,0.01302035,0,0.025,No,No
1306,0,0.22617371,0,0.04,No,No
1307,1,0.80143848,0,0.035,Yes,No
1308,0,0.12698371,0,0.06,No,No
1309,0,0.2391015,1,0.57,No,Yes
1310,1,0.57593604,1,0.73,Yes,Yes
1311,1,0.65899197,0,0.02,Yes,No
1312,0,0.11298869,0,0.02,No,No
1314,0,0.1974256,0,0.055,No,No
1315,0,0.06449251,0,0.025,No,No
1317,0,0.22620732,0,0.055,No,No
1318,1,0.93433502,1,0.78,Yes,Yes
1319,1,0.93174706,1,0.825,Yes,Yes
1321,0,0.31794255,0,0.05,No,No
1322,0,0.16898609,0,0.03,No,No
1324,0,0.10584032,0,0.045,No,No
1329,1,0.79253981,0,0.055,Yes,No
1331,1,0.93964088,1,0.845,Yes,Yes
1333,0,0.47411353,1,0.69,No,Yes
1334,0,0.03554308,0,0.015,No,No
1336,0,0.02502177,0,0.035,No,No
1338,0,0.04284272,0,0.02,No,No
1340,0,0.17705225,0,0.035,No,No
1344,0,0.01427988,0,0.02,No,No
1346,0,0.09731673,0,0.015,No,No
1349,0,0.14060874,0,0.005,No,No
1350,1,0.7997939,0,0.06,Yes,No
1352,0,0.13014026,0,0.01,No,No
1355,0,0.03793509,0,0.01,No,No
1356,0,0.30430313,0,0.035,No,No
1358,0,0.16432825,0,0.055,No,No
1360,0,0.40729527,1,0.68,No,Yes
1361,0,0.24430572,0,0.005,No,No
1362,0,0.42575069,0,0.03,No,No
1363,0,0.02370789,0,0.02,No,No
1364,0,0.44716147,0,0.09,No,No
1367,0,0.2880385,0,0.045,No,No
1368,0,0.05500063,0,0.125,No,No
1369,0,0.17473856,0,0.02,No,No
1371,1,0.69594876,0,0.04,Yes,No
1372,1,0.87299791,1,0.795,Yes,Yes
1373,1,0.67189614,0,0.025,Yes,No
1374,0,0.24469808,0,0.075,No,No
1375,0,0.04946629,0,0.02,No,No
1377,1,0.73459289,0,0.025,Yes,No
1379,1,0.80553965,1,0.81,Yes,Yes
1380,1,0.84688036,1,0.71,Yes,Yes
1382,0,0.03564257,0,0.015,No,No
1383,0,0.03282656,0,0.005,No,No
1387,1,0.67403203,0,0.03,Yes,No
1389,1,0.54734876,1,0.725,Yes,Yes
1390,1,0.66334767,0,0.08,Yes,No
1391,0,0.4563147,0,0.035,No,No
1392,0,0.46472543,0,0.075,No,No
1394,1,0.54818273,0,0.125,Yes,No
1395,0,0.47068617,0,0.035,No,No
1396,1,0.74991807,0,0.105,Yes,No
1397,0,0.02106866,0,0.02,No,No
1399,1,0.52516731,0,0.065,Yes,No
1401,0,0.26710974,0,0.03,No,No
1402,1,0.8644689,0,0.04,Yes,No
1403,1,0.64437251,0,0.11,Yes,No
1405,1,0.67808359,1,0.825,Yes,Yes
1407,0,0.40396379,0,0.05,No,No
1408,0,0.02780941,0,0.015,No,No
1955,0,0.01132627,0,0.01,No,No
1630,0,0.0024814,0,0,No,No
2000,0,0.00489206,0,0.03,No,No
1662,0,0.01363852,0,0.025,No,No
1929,0,0.42401168,0,0.035,No,No
1495,0,0.22804923,0,0.155,No,No
1839,0,0.28235338,0,0.1,No,No
1756,0,0.17327973,0,0.045,No,No
1900,0,0.01657379,0,0.02,No,No
2025,0,0.07339126,0,0.015,No,No
1760,1,0.51245957,0,0.035,Yes,No
1985,1,0.67316325,0,0.045,Yes,No
1870,0,0.43358111,0,0.03,No,No
1513,0,0.16341182,0,0.04,No,No
1481,1,0.64706613,0,0.085,Yes,No
1833,1,0.55841536,0,0.045,Yes,No
1480,0,0.40734037,0,0.03,No,No
1633,1,0.50677635,0,0.035,Yes,No
1745,0,0.2876921,0,0.07,No,No
1916,1,0.61361258,0,0.075,Yes,No
1829,0,0.11789243,0,0.01,No,No
1822,0,0.00770555,0,0.005,No,No
1762,0,0.3605491,0,0.075,No,No
1658,0,0.03459634,0,0.005,No,No
1635,0,0.00895597,0,0,No,No
1656,0,0.00498342,0,0.025,No,No
1863,0,0.03219502,0,0.035,No,No
1676,0,0.01266826,0,0.03,No,No
1557,0,0.12494197,0,0.05,No,No
1428,0,0.24385337,0,0.02,No,No
1987,0,0.4700783,0,0.08,No,No
1625,0,0.02260912,0,0.025,No,No
1502,1,0.57094993,0,0.05,Yes,No
1866,0,0.05844864,0,0.015,No,No
1786,0,0.12616438,0,0.025,No,No
1655,0,0.0494167,0,0.01,No,No
1443,0,0.00855197,0,0.005,No,No
1969,0,0.09626395,0,0.005,No,No
1628,0,0.17435177,0,0.02,No,No
1647,0,0.35617838,0,0.035,No,No
1701,0,0.23182342,0,0.035,No,No
2015,0,0.01916754,0,0.01,No,No
1640,1,0.50110085,0,0.065,Yes,No
1651,0,0.06596606,0,0.015,No,No
1888,0,0.05884922,0,0,No,No
1607,0,0.03206655,0,0.01,No,No
1409,1,0.55254875,0,0.115,Yes,No
1544,0,0.08812284,0,0.025,No,No
2052,0,0.0665416,0,0.02,No,No
1802,0,0.1573618,0,0,No,No
1617,0,0.26583563,0,0.03,No,No
1576,1,0.58259576,0,0.05,Yes,No
2051,0,0.03129452,0,0.015,No,No
1447,0,0.40007523,0,0.03,No,No
1555,0,0.20575349,0,0.005,No,No
1782,0,0.12625813,0,0.015,No,No
1830,0,0.03675044,0,0.025,No,No
1709,0,0.33360279,0,0.025,No,No
1687,0,0.12523453,0,0.02,No,No
2041,0,0.08083602,0,0.015,No,No
1784,1,0.53271413,0,0.05,Yes,No
1673,0,0.3844916,0,0.02,No,No
2024,0,0.13651922,0,0.035,No,No
2056,1,0.74717374,0,0.045,Yes,No
2045,1,0.60900829,0,0.035,Yes,No
1986,0,0.09876462,0,0.01,No,No
1875,0,0.41304499,0,0.1,No,No
1527,0,0.07572833,0,0.035,No,No
1436,1,0.59385462,0,0.045,Yes,No
2016,0,0.03681959,0,0.05,No,No
1935,0,0.34848736,0,0.05,No,No
1598,0,0.17071062,0,0.015,No,No
1461,0,0.25082442,0,0.06,No,No
1411,0,0.4865178,0,0.075,No,No
1816,1,0.54363917,0,0.04,Yes,No
1430,0,0.1877694,0,0.05,No,No
1856,1,0.59231784,0,0.09,Yes,No
1525,0,0.29165283,0,0.005,No,No
2010,1,0.85557022,0,0.105,Yes,No
1735,1,0.61263714,0,0.105,Yes,No
1751,0,0.14404656,0,0.03,No,No
2054,1,0.55625281,0,0.095,Yes,No
1719,1,0.61372266,0,0.035,Yes,No
1529,0,0.19773341,0,0.055,No,No
1422,0,0.06592644,0,0.02,No,No
1898,0,0.0871078,0,0.035,No,No
1585,0,0.33868752,0,0.06,No,No
1583,0,0.38971019,0,0.045,No,No
1657,1,0.57166397,0,0.165,Yes,No
1710,0,0.43642635,0,0.025,No,No
1779,0,0.452673,0,0.08,No,No
2046,0,0.43767364,0,0.04,No,No
1757,0,0.18892527,0,0.045,No,No
2060,0,0.47751222,0,0.1,No,No
1979,0,0.00814553,0,0.02,No,No
1845,0,0.01851423,0,0.02,No,No
1520,0,0.00791504,0,0,No,No
1675,1,0.60401453,0,0.07,Yes,No
1736,0,0.40947402,0,0.02,No,No
1622,0,0.48744704,0,0.02,No,No
1744,0,0.18311574,0,0.04,No,No
1581,0,0.16490578,0,0.095,No,No
2034,0,0.1327393,0,0.03,No,No
1441,0,0.12007553,0,0.05,No,No
1665,0,0.00558048,0,0.055,No,No
1509,0,0.35193858,0,0.035,No,No
1834,0,0.10791244,0,0.025,No,No
1864,0,0.34594817,0,0.05,No,No
1554,1,0.61548059,0,0.03,Yes,No
1909,0,0.16538496,0,0.01,No,No
2035,0,0.09933535,0,0.015,No,No
1805,0,0.06995167,0,0.035,No,No
1858,0,0.03454868,0,0.015,No,No
1804,0,0.00254078,0,0,No,No
1994,0,0.15265053,0,0.055,No,No
1482,0,0.17645749,0,0.075,No,No
1449,0,0.01911641,0,0.01,No,No
1468,0,0.00288729,0,0,No,No
1771,0,0.03977617,0,0.02,No,No
2019,0,0.15835037,0,0.025,No,No
1722,0,0.36240031,0,0.015,No,No
1934,0,0.05540215,0,0.025,No,No
1574,0,0.21482207,0,0.03,No,No
1612,1,0.67597003,0,0.07,Yes,No
1731,0,0.33848743,0,0.03,No,No
1813,0,0.33178353,0,0.06,No,No
2057,0,0.11631016,0,0.045,No,No
1764,0,0.1418052,0,0.065,No,No
1440,0,0.37695131,0,0.06,No,No
1947,0,0.15768252,0,0.05,No,No
1471,0,0.15083908,0,0.015,No,No
2022,0,0.02212011,0,0.005,No,No
1976,0,0.1130512,0,0.02,No,No
1801,1,0.66475594,0,0.12,Yes,No
1590,0,0.0622699,0,0.015,No,No
1485,0,0.20593584,0,0.035,No,No
1615,0,0.1677432,0,0.025,No,No
1431,0,0.16450545,0,0.02,No,No
1653,0,0.00636207,0,0.015,No,No
1812,0,0.10523802,0,0,No,No
1700,0,0.24213163,0,0.015,No,No
1746,0,0.48947458,0,0.075,No,No
1563,1,0.62000333,0,0.015,Yes,No
1720,1,0.69873766,0,0.05,Yes,No
1997,1,0.6129541,0,0.05,Yes,No
1941,0,0.01899749,0,0.02,No,No
1918,0,0.2184517,0,0.03,No,No
2061,0,0.24364109,0,0.025,No,No
1852,0,0.15068779,0,0.04,No,No
1597,1,0.58822596,0,0.03,Yes,No
1668,0,0.01530066,0,0.005,No,No
2065,0,0.11214426,0,0.04,No,No
1477,0,0.37596478,0,0.03,No,No
1922,0,0.24286174,0,0.025,No,No
1412,0,0.36620511,0,0.05,No,No
1648,0,0.45205417,0,0.08,No,No
1507,0,0.49639949,0,0.04,No,No
1853,1,0.70199313,0,0.1,Yes,No
1613,1,0.65402114,0,0.085,Yes,No
1794,0,0.21314128,0,0.05,No,No
1892,0,0.12396771,0,0.01,No,No
1694,1,0.72550338,0,0.05,Yes,No
1506,0,0.3646086,0,0.08,No,No
1553,0,0.17045469,0,0.04,No,No
1881,0,0.36067706,0,0.025,No,No
1940,0,0.02905786,0,0.005,No,No
1424,0,0.00076196,0,0.005,No,No
1725,1,0.61245436,0,0.04,Yes,No
1474,0,0.04396896,0,0.01,No,No
1627,0,0.03661879,0,0.005,No,No
1484,0,0.00468677,0,0.01,No,No
1551,1,0.71754357,0,0.14,Yes,No
1857,0,0.0110781,0,0.01,No,No
1599,1,0.55413243,0,0.025,Yes,No
1619,0,0.21980085,0,0.01,No,No
1671,0,0.02643495,0,0.005,No,No
1859,0,0.20312555,0,0.045,No,No
1871,0,0.13774897,0,0.015,No,No
1453,0,0.12892494,0,0.025,No,No
1754,0,0.30871188,0,0.075,No,No
2037,0,0.04918363,0,0.03,No,No
1497,0,0.09986685,0,0.025,No,No
1466,0,0.24860024,0,0.06,No,No
1951,0,0.08666219,0,0.015,No,No
1670,0,0.01990661,0,0,No,No
1865,0,0.34400338,0,0.18,No,No
2031,0,0.21020056,0,0.015,No,No
1543,0,0.17644312,0,0.02,No,No
1954,0,0.23858884,0,0.03,No,No
1473,0,0.28392903,0,0.02,No,No
1971,0,0.04239405,0,0.015,No,No
1415,1,0.75993543,0,0.055,Yes,No
1438,0,0.41341498,0,0.035,No,No
1682,0,0.40332477,0,0.035,No,No
2012,0,0.44274648,0,0.055,No,No
2068,0,0.3233002,0,0.045,No,No
1434,1,0.55552285,0,0.12,Yes,No
1689,0,0.07471824,0,0.035,No,No
1621,0,0.05082132,0,0.045,No,No
1826,1,0.51036527,0,0.025,Yes,No
1609,1,0.50497377,0,0.005,Yes,No
1729,0,0.23518939,0,0.04,No,No
1580,0,0.30285167,0,0.01,No,No
1696,0,0.06886994,0,0.015,No,No
1931,0,0.49990586,0,0.02,No,No
1721,0,0.16209737,0,0.005,No,No
1903,0,0.05030095,0,0.01,No,No
1803,0,0.21717477,0,0.055,No,No
1596,0,0.22227262,0,0.005,No,No
1618,0,0.1804026,0,0.02,No,No
1698,0,0.02667076,0,0.03,No,No
1542,1,0.5256407,0,0.025,Yes,No
1911,0,0.12769659,0,0.02,No,No
1799,0,0.02731813,0,0.04,No,No
1763,0,0.05754316,0,0.005,No,No
1601,0,0.16560026,0,0.04,No,No
1707,0,0.06244171,0,0.005,No,No
1558,0,0.28590505,0,0.085,No,No
1514,0,0.409525,0,0.025,No,No
1631,0,0.18836006,0,0.015,No,No
1770,0,0.05579607,0,0.045,No,No
1989,0,0.06794166,0,0.01,No,No
1867,0,0.10083045,0,0.025,No,No
2062,0,0.05968408,0,0.045,No,No
1728,0,0.02715121,0,0.015,No,No
1798,0,0.20360629,0,0.025,No,No
1523,0,0.13538698,0,0.02,No,No
1592,0,0.18404124,0,0.015,No,No
1718,0,0.28266648,0,0.04,No,No
1548,1,0.5433263,0,0.065,Yes,No
1996,0,0.42447219,0,0.05,No,No
1749,0,0.44099291,0,0.04,No,No
1560,0,0.41504205,0,0.03,No,No
2013,1,0.66988267,0,0.04,Yes,No
1945,0,0.42833654,0,0.025,No,No
1787,1,0.56798355,0,0.025,Yes,No
1568,1,0.70639516,0,0.035,Yes,No
1582,0,0.13939935,0,0.055,No,No
1908,1,0.55397722,0,0.02,Yes,No
1492,0,0.4336709,0,0.075,No,No
1588,0,0.12707764,0,0.04,No,No
1739,0,0.48890363,0,0.055,No,No
1446,0,0.14774044,0,0.005,No,No
1995,0,0.04676778,0,0.005,No,No
1479,1,0.50379142,0,0.05,Yes,No
1419,1,0.61041724,0,0.09,Yes,No
1778,0,0.06151852,0,0.015,No,No
2014,0,0.42256368,0,0.045,No,No
1533,1,0.80888525,0,0.04,Yes,No
1435,0,0.47966457,0,0.03,No,No
1659,1,0.53068721,0,0.115,Yes,No
1577,0,0.48395621,0,0.13,No,No
1814,0,0.3249388,0,0.05,No,No
1981,0,0.42385385,0,0.055,No,No
2008,0,0.07597528,0,0.045,No,No
1677,0,0.08295664,0,0.02,No,No
1623,0,0.21471309,0,0.065,No,No
2048,0,0.22629956,0,0.025,No,No
1952,0,0.41563816,0,0.05,No,No
1727,0,0.05566591,0,0.025,No,No
1417,0,0.2051238,0,0.065,No,No
1564,1,0.64076448,0,0.065,Yes,No
1883,1,0.60285459,0,0.135,Yes,No
1472,0,0.02049821,0,0.02,No,No
1475,0,0.32710761,0,0.03,No,No
1982,0,0.15385441,0,0.03,No,No
1545,0,0.45329286,0,0.04,No,No
2038,0,0.4293215,0,0.09,No,No
1860,0,0.31067507,0,0.025,No,No
2007,0,0.09484632,0,0.025,No,No
1961,1,0.91678766,0,0.155,Yes,No
1975,1,0.85057927,0,0.02,Yes,No
1740,1,0.65059988,0,0.035,Yes,No
1924,0,0.43823596,0,0.05,No,No
1836,0,0.39458865,0,0.025,No,No
1650,1,0.79143727,0,0.09,Yes,No
1680,1,0.77487208,0,0.1,Yes,No
1965,0,0.10614419,0,0.02,No,No
1708,0,0.34060402,0,0.07,No,No
1602,0,0.11618039,0,0.045,No,No
1478,0,0.28149577,0,0.04,No,No
1469,0,0.17460422,0,0.05,No,No
2026,0,0.00238488,0,0.005,No,No
1824,0,0.01994063,0,0.02,No,No
2036,0,0.07350999,0,0.045,No,No
1949,0,0.15022355,0,0.035,No,No
1712,0,0.08377474,0,0.035,No,No
1854,0,0.21631533,0,0.01,No,No
1693,0,0.05190718,0,0.02,No,No
1970,0,0.01350676,0,0.005,No,No
1644,0,0.03999535,0,0.01,No,No
1956,0,0.35822214,0,0.035,No,No
1849,0,0.16809242,0,0.02,No,No
1890,1,0.69547156,0,0.05,Yes,No
1499,0,0.06256284,0,0.025,No,No
1768,0,0.29513361,0,0.025,No,No
1697,0,0.01822969,0,0.03,No,No
1772,0,0.18420877,0,0.02,No,No
1664,0,0.026022,0,0.005,No,No
1936,0,0.37346177,0,0.015,No,No
1483,0,0.02404297,0,0,No,No
1873,0,0.24958348,0,0.035,No,No
1666,0,0.02015356,0,0.02,No,No
1654,0,0.1999724,0,0.025,No,No
1999,0,0.06098583,0,0.02,No,No
1546,0,0.16914836,0,0.025,No,No
1823,0,0.09250163,0,0.005,No,No
1578,0,0.14476083,0,0.055,No,No
1993,0,0.24836799,0,0.02,No,No
1516,0,0.06866849,0,0.03,No,No
1800,0,0.14794565,0,0.015,No,No
1966,0,0.36655446,0,0.06,No,No
1595,0,0.07295612,0,0.01,No,No
1950,1,0.62790345,0,0.055,Yes,No
1747,1,0.73956555,1,0.675,Yes,Yes
1944,1,0.95522439,1,0.835,Yes,Yes
1459,0,0.26826303,1,0.665,No,Yes
1537,1,0.58365764,1,0.695,Yes,Yes
1487,1,0.97841182,1,0.78,Yes,Yes
1427,1,0.91171399,1,0.875,Yes,Yes
1467,1,0.60170341,1,0.72,Yes,Yes
1572,0,0.11311519,1,0.675,No,Yes
1433,1,0.5824517,1,0.745,Yes,Yes
1752,1,0.90818582,1,0.775,Yes,Yes
1821,0,0.01922274,1,0.665,No,Yes
1869,0,0.05290676,1,0.595,No,Yes
2044,0,0.2165502,1,0.645,No,Yes
1807,0,0.43470233,1,0.605,No,Yes
1486,1,0.81564821,1,0.675,Yes,Yes
1716,1,0.96522558,1,0.685,Yes,Yes
2023,1,0.89044464,1,0.755,Yes,Yes
1504,1,0.94649683,1,0.815,Yes,Yes
1928,1,0.9545746,1,0.86,Yes,Yes
1960,1,0.79545343,1,0.74,Yes,Yes
1457,0,0.15936459,1,0.64,No,Yes
1842,0,0.37183785,1,0.72,No,Yes
1714,1,0.77301148,1,0.755,Yes,Yes
1573,0,0.25649349,1,0.66,No,Yes
2032,1,0.50996355,1,0.68,Yes,Yes
1439,1,0.92706373,1,0.77,Yes,Yes
1761,1,0.56150819,1,0.645,Yes,Yes
1562,0,0.27227761,1,0.635,No,Yes
1639,1,0.69754477,1,0.675,Yes,Yes
1522,1,0.87370531,1,0.725,Yes,Yes
1907,1,0.54410736,1,0.66,Yes,Yes
1692,1,0.6103444,1,0.8,Yes,Yes
1534,1,0.65352367,1,0.7,Yes,Yes
1809,0,0.27191755,1,0.625,No,Yes
1734,1,0.86252962,1,0.655,Yes,Yes
1780,1,0.91452333,1,0.795,Yes,Yes
1876,1,0.77245986,1,0.79,Yes,Yes
1420,1,0.92907716,1,0.725,Yes,Yes
1605,1,0.69968942,0,0.19,Yes,No
1937,0,0.25448359,0,0.05,No,No
1646,1,0.92078728,0,0.155,Yes,No
1850,1,0.65634243,0,0.18,Yes,No
1683,0,0.22002171,0,0.13,No,No
1608,0,0.02393204,0,0.01,No,No
1827,1,0.65413245,0,0.01,Yes,No
1674,1,0.61934502,0,0.115,Yes,No
1974,0,0.4463249,0,0.205,No,No
1815,0,0.40281097,0,0.015,No,No
1912,0,0.2400012,0,0.035,No,No
2009,0,0.43588416,0,0.045,No,No
1724,0,0.4434858,0,0.055,No,No
1893,1,0.67071924,0,0.2,Yes,No
1661,0,0.0221535,0,0.005,No,No
1703,0,0.06473008,0,0.035,No,No
1614,1,0.72109381,0,0.025,Yes,No
1886,0,0.49123557,0,0.065,No,No
1638,0,0.07312135,0,0.02,No,No
1880,1,0.659519,0,0.055,Yes,No
1962,0,0.11478161,0,0.065,No,No
1503,0,0.44025221,0,0.08,No,No
1915,0,0.48717877,0,0.065,No,No
1938,0,0.10800791,0,0.02,No,No
1445,0,0.28993059,0,0.035,No,No
2040,1,0.68582894,0,0.13,Yes,No
1587,0,0.47796194,0,0.07,No,No
1611,1,0.91539674,0,0.06,Yes,No
1980,1,0.6754937,0,0.045,Yes,No
1641,1,0.62881071,0,0.065,Yes,No
1425,1,0.73658923,0,0.13,Yes,No
1681,0,0.09732372,0,0.06,No,No
1775,0,0.09342465,0,0.035,No,No
2018,0,0.46874573,0,0.03,No,No
2017,0,0.04279372,0,0.005,No,No
1423,0,0.01339423,0,0.055,No,No
1847,0,0.23606795,0,0.03,No,No
1835,1,0.74745731,0,0.075,Yes,No
1948,0,0.14878328,0,0.05,No,No
1552,0,0.0431656,0,0.035,No,No
1774,0,0.02945638,0,0.01,No,No
1737,0,0.07990448,0,0.01,No,No
1642,1,0.86384694,0,0.06,Yes,No
1972,1,0.73979293,0,0.08,Yes,No
1837,0,0.29644742,0,0.06,No,No
1594,1,0.85829411,0,0.1,Yes,No
1606,1,0.82698399,0,0.025,Yes,No
1932,1,0.60509983,0,0.065,Yes,No
2049,0,0.48751432,0,0.065,No,No
1547,1,0.57396481,0,0.015,Yes,No
1927,0,0.38353056,0,0.06,No,No
1704,1,0.73307243,0,0.085,Yes,No
1496,1,0.8488524,0,0.06,Yes,No
1539,1,0.9610497,0,0.065,Yes,No
1753,0,0.37251878,0,0.08,No,No
1460,0,0.26039015,0,0.02,No,No
1789,0,0.04130614,0,0.015,No,No
1998,1,0.55389882,0,0.035,Yes,No
1992,1,0.54999339,0,0.115,Yes,No
1669,1,0.81276539,0,0.04,Yes,No
1943,0,0.39145591,0,0.04,No,No
1732,0,0.22890464,0,0.03,No,No
1973,0,0.1815313,0,0.06,No,No
1448,0,0.46953658,0,0.18,No,No
1549,1,0.71127563,0,0.085,Yes,No
1766,1,0.6578692,0,0.085,Yes,No
1465,1,0.62199849,0,0.08,Yes,No
1501,0,0.17521934,0,0.06,No,No
2053,1,0.85753393,0,0.045,Yes,No
2003,1,0.78926598,0,0.13,Yes,No
1790,1,0.54511327,0,0.04,Yes,No
1755,0,0.18293747,0,0.05,No,No
1591,0,0.24281681,0,0.045,No,No
1882,0,0.33792969,0,0.045,No,No
1535,1,0.74120971,0,0.09,Yes,No
1706,0,0.25571906,0,0.045,No,No
2020,1,0.76013481,0,0.14,Yes,No
1586,1,0.73826995,0,0.12,Yes,No
1515,0,0.26661262,0,0.07,No,No
2021,1,0.90677174,0,0.24,Yes,No
1678,1,0.55935143,0,0.185,Yes,No
2064,1,0.61117018,0,0.06,Yes,No
1885,0,0.39607752,0,0.01,No,No
1541,1,0.76111653,0,0.075,Yes,No
1550,0,0.31814681,0,0.055,No,No
1556,1,0.78777339,0,0.11,Yes,No
1691,1,0.56000086,1,0.7,Yes,Yes
1939,1,0.83620248,1,0.83,Yes,Yes
1421,1,0.74032558,1,0.73,Yes,Yes
1624,1,0.93753121,1,0.885,Yes,Yes
1569,1,0.79090998,1,0.78,Yes,Yes
1818,1,0.59018634,1,0.815,Yes,Yes
1783,1,0.73550877,1,0.8,Yes,Yes
1933,1,0.82922661,1,0.755,Yes,Yes
1458,1,0.81330765,1,0.805,Yes,Yes
1489,1,0.91997232,1,0.675,Yes,Yes
1758,1,0.93745327,1,0.88,Yes,Yes
1792,0,0.48469858,1,0.68,No,Yes
1464,1,0.92800597,1,0.72,Yes,Yes
1767,1,0.95212968,1,0.755,Yes,Yes
1967,1,0.760243,1,0.725,Yes,Yes
1494,1,0.98758567,1,0.855,Yes,Yes
1844,1,0.94997434,1,0.82,Yes,Yes
1645,1,0.87582226,1,0.69,Yes,Yes
1733,1,0.85196086,1,0.77,Yes,Yes
2055,1,0.81084271,1,0.73,Yes,Yes
2027,1,0.67353976,1,0.72,Yes,Yes
1604,1,0.80993418,1,0.845,Yes,Yes
1649,1,0.96728001,1,0.845,Yes,Yes
1684,1,0.91086988,1,0.705,Yes,Yes
1968,1,0.97235398,1,0.86,Yes,Yes
1862,1,0.95042987,1,0.8,Yes,Yes
1797,1,0.74917135,1,0.745,Yes,Yes
1905,1,0.8984867,1,0.75,Yes,Yes
1868,1,0.90169403,1,0.905,Yes,Yes
1667,1,0.7438004,1,0.735,Yes,Yes
1702,1,0.61708943,1,0.76,Yes,Yes
1878,1,0.80153375,1,0.875,Yes,Yes